sample,fastq_1,fastq_2
SRR16958684,/data1/users/siyangming/eccDNA/Amaranthus_palmeri/SRR16958684.fastq.gz,
SRR16958685,/data1/users/siyangming/eccDNA/Amaranthus_palmeri/SRR16958685.fastq.gz,
SRR16958686,/data1/users/siyangming/eccDNA/Amaranthus_palmeri/SRR16958686.fastq.gz,
SRR16958687,/data1/users/siyangming/eccDNA/Amaranthus_palmeri/SRR16958687.fastq.gz,
SRR16958688,/data1/users/siyangming/eccDNA/Amaranthus_palmeri/SRR16958688.fastq.gz,
SRR16958689,/data1/users/siyangming/eccDNA/Amaranthus_palmeri/SRR16958689.fastq.gz,
SRR16958690,/data1/users/siyangming/eccDNA/Amaranthus_palmeri/SRR16958690.fastq.gz,
SRR16958691,/data1/users/siyangming/eccDNA/Amaranthus_palmeri/SRR16958691.fastq.gz,
SRR16958692,/data1/users/siyangming/eccDNA/Amaranthus_palmeri/SRR16958692.fastq.gz,
SRR16958693,/data1/users/siyangming/eccDNA/Amaranthus_palmeri/SRR16958693.fastq.gz,
SRR30359583,/data1/users/siyangming/eccDNA/Amaranthus_palmeri/SRR30359583.fastq.gz,
SRR30359584,/data1/users/siyangming/eccDNA/Amaranthus_palmeri/SRR30359584.fastq.gz,
SRR30359585,/data1/users/siyangming/eccDNA/Amaranthus_palmeri/SRR30359585.fastq.gz,
SRR30359586,/data1/users/siyangming/eccDNA/Amaranthus_palmeri/SRR30359586.fastq.gz,
SRR30359587,/data1/users/siyangming/eccDNA/Amaranthus_palmeri/SRR30359587.fastq.gz,
SRR30359588,/data1/users/siyangming/eccDNA/Amaranthus_palmeri/SRR30359588.fastq.gz,
